id,name,office,address3
6,"reconfigurations magnetos",,Battersea
7,"churn battleship swab laugh halt (Chelsea)",Chelsea,
9,"precision rust resistors (Chelsea)",Chelsea,Chelsea
10,"intensities Debenham Thorpe",,
11,"story coating expenditure",,
12,soil,,
13,"sites International",,
14,ringing,,Chelsea
16,trick,,
19,"inclinations brushes",,
20,"architecture purposes competition twos",,
21,"blurs pay",,
22,"ammunition International",,Chelsea
24,"data armory (Flats)",Flats,
25,"reservist replenishments",,
26,"honk alias & Rutley",,
27,suggestionss,,Chelsea
28,"originators pennant",,
29,"hillsides strips",,Chelsea
30,"chattel thyristors (Belgravia)",,Belgravia
31,"wear obligations watts",,Knightsbridge
32,relief,,Knightsbridge
33,"intercoms conducts currencies",,
34,dam,,
35,"overcurrent porters envelopes hardware",,
37,"bush confessions",,
38,"trial (Chelsea)",Chelsea,
39,"helicopter (Chelsea)",Chelsea,
42,sunset,,
43,"branch disadvantages metrics altitude",,
44,"gaskets promotion",,
45,"sites (Fulham)",,
46,"jumps blow particles cruise contamination composition",,
48,"swaps bypasses buys (Chelsea)",Chelsea,
51,shelf,,
53,"windows jumps",,Belgravia
54,"accounting builder bunk video",,
55,"diver prepositions (Chelsea)",Chelsea,
56,"runways printouts",,
57,"Insignia existence chemicals",,
58,"percentages ream (Chelsea)",Chelsea,"Sloane Square"
59,"nerve keywords conversions",,
60,"taps worksheets insertions",,
61,"outlines defense",,
62,"admirals thunder",,
63,"reach flake",,
64,blueprint,,
65,"hiss twists birth spar",,Chelsea
66,"spaces progress helms boils",,
67,"disaster tablespoons losses attitudes",,
68,reverse,,
69,"misses (South Kensington)","South Kensington",
70,extensions,,
71,"policy endeavor suit",,"South Kensington"
72,"inches eve gaskets",,
73,occasions,,
74,tables,,
75,"stencils terminator environment",,
76,"cell galleys",,
77,"glasses rear",,
78,"caps credit",,
79,"infection button 0",,
80,"takeoff platter",,
81,"barges deck",,
82,document,,
83,"noise conductors",,
84,"brothers (Knightsbridge)",Knightsbridge,
85,"manufacturer others overtime",,
86,word,,
87,"boom displacements clang",,
88,"tachometer (Lettings)",Knightsbridge,Knightsbridge
89,"spares assistant",,
90,"sailor checkouts discrimination",,
91,"value cards",,
92,"porter feeling lengths coast (Chelsea)",Chelsea,
93,"microphone bands checks",,
94,"analysts foods protection",,
95,"drags boats",,
96,"cloth stings",,
97,"honk alias International",,
98,records,,
99,"output lake (Mayfair)",Mayfair,
100,"Lord gleam shovel And Co Ltd",,
101,"procedure realinements (Hyde Park)","Hyde Park",
102,signalmen,,
103,"heights disk differences",,
104,"raps aim gyroscope (North Kensington)","North Kensington",
105,"danger ensign",,
106,"inventory effort lamp",,
107,"heaters offsets (Knightsbridge)",Knightsbridge,
108,river,,
109,capitals,,
110,"fellow keyboard camera",,
111,"hips folds tail",,
112,"victim terminals",,
113,"wins corner actions",,
114,"blueprint customs insulation",,
116,regulations,,
117,"vectors island certificates (Knightsbridge)",Knightsbridge,
118,"strut proofs",,
119,environments,,
120,"turbulence noses drives regret",,
121,"Victoria regulations",,
122,"advance (Knightsbridge)",Knightsbridge,
123,letterheads,,
131,"graph streets bumps",,Mayfair
134,collisions,,
135,"bears cloudiness",,
136,morale,,
138,"problem housings provisions (Motcomb Street)",,Belgravia
139,"guidance tag (Sloane Street)","Sloane Street",
140,"designation rescuer operand",,
142,"monoliths conflict (Knightsbridge)",,
145,discard,,
146,"mud citizen delimiters",,
147,"text designator",,
148,"lands tub",,
149,"sequence positions gland",,
151,"Philip journey Properties",,
152,"environments hoofs",,
153,"Norse Pond + Frost",,
154,"travels accessories",,
155,feelings,,
156,"prison coders tubing",,
157,hubs,,
158,bucket,,
159,"demonstrations associates valves",,
160,"uncertainties rejection stomach",,
161,"expenses project",,
162,"gleam shovel",,
163,"hold chairman",,
164,"jugs sentence",Mayfair,
165,"macros transportation",,
166,intensities,Belgravia,
167,"suggestions intercoms conducts currencies",,
169,"honk alias Knightsbridge","Sloane Avenue",
170,"fluid discard",,
171,"lint raps",,
172,sneezes,,
173,"blurs increases",,Marylebone
175,"thursday accomplishments",,
176,"thursday acceptances record tosses",,
177,"monkey observations nurse garages (Mayfair)",Mayfair,
178,"technique skirts",,
179,"verb buzzer rakes",,
180,"altimeter presence (Kensington)",,"Kensington Church Street"
181,"reduction laces",,
182,"lifetimes straightener",,
183,"lieutenant sponsor order",,
184,"whirls hairs (S Ken)","S Ken","South Kensington"
185,"frosts shame distress",,
186,"brushes technician",,
187,"rockets motels",,
188,"meridian warnings magneto blanket",,
190,"dope trackers valve",,
191,"sap fines rides chimneys",,
192,"jewels orders",,
193,"intake zips thermocouple",,London
194,"weld amperages thicknesses",,
196,"livers multiplication composition",,
197,"exposure equipment scene call",,Chelsea
198,"observations nurse garages",,
199,"armories deviations",,
200,"income blood",,
201,"stools indicate",,
202,"casualty davit upside",,
203,"ammunition (Kensington)",Kensington,
204,"swaps bypasses buys (South Kensington)",Kensington,
205,"swaps bypasses buys (Pimlico)",Pimlico,
206,"churn battleship swab laugh halt (Kensington)",Kensington,Kensington
207,"honk alias Kensington",Kensington,
208,"guidance tag (Kensington)",Kensington,
209,"brothers (Chelsea)",Chelsea,
210,"advance (South Kensington)","S. Ken",
211,"precision rust resistors (Belgravia)",Belgravia,
212,"churn battleship swab laugh halt (Belgravia)",Belgravia,
213,"diver prepositions (Kensington)",Kensington,
214,antennas,,
215,"churn battleship swab laugh halt (Battersea)",Battersea,
216,"extensions (Mayfair)",Mayfair,"Berkeley Square"
217,"output lake (Kensington)",Kensington,
218,"brothers (Kensington)",Kensington,
219,"screen retirement lint direction",,
220,"shipmate shelters",,
221,"fuels stamps",,
222,"milks enemies",,
224,"games commitment rice",,
225,readings,,
226,"decrements rifling contrast deficiencies",,Mayfair
227,"cabinet loop",,
228,lanterns,,
229,"percentages ream (S Ken)","S Ken",
230,"detent suits",,
231,"end sizing",,
232,cables,,
233,"buzzer kilogram",,
234,"check heights park lungs",,
235,"pipe radiators capacities pyramids",,
237,"barrel superlatives standard",,
238,"credit array splashes",,
239,"wartime rims",,
240,"tune construction",,
241,"suggestions Residential",,
242,"heaters offsets (Marble Arch)","Marble Arch","Marble Arch"
243,"limps protest death",,Kensington
244,dots,,
245,"honk alias Mayfair",Mayfair,
246,"output lake (Chelsea)",Chelsea,
247,"americans bigamy",,
248,"confinements wagons chests",,
249,"falls blazes",,
250,"filter stem",,
251,"copper cuffs",,
252,"churn battleship swab laugh halt (West End & Southbank)","West End & Southbank",
253,"raps aim gyroscope (Chelsea)",Chelsea,Chelsea
254,"honk alias Hampstead",Hampstead,
255,"firings retrieval",,
256,"educators quartermasters beliefs sole",,"Holland Park"
257,animals,,
258,"advance (Kensington)",Kensington,
259,"armor percentages",,
260,"vectors island certificates (Mayfair)",Mayfair,
261,"altimeters form dye tries",,
262,"suggestions Res (Mayfair)",Mayfair,
263,"advance (Hammersmith)",Hammersmith,
264,"fund gross",,
265,"layers gas",,
266,"point fund replenishments",,Marylebone
267,"monkey observations nurse garages (Knightsbridge)",Knightsbridge,
268,"slide compromise",,
269,"deduction hardness",,
270,"islands furnaces wafer poke",,
271,"fare keels",,
272,saturdays,,
273,science,,
274,"hums coat (South Kensington)","South Kensington",
275,"suggestions (Kensington)",Kensington,
276,"tank wins",,
277,"procedure realinements (S.Ken)",S.Ken,
278,"guidance tag (Hampstead)",Hampstead,
279,"divisions wages farads",,
280,"suggestions (Chelsea)",Chelsea,
281,"oscillation suit waists",,
282,"rifle disability",,
283,"shears insignias attorneys",,
284,"bureau zone wounds tent",,
285,"prices response",,
286,currency,,
287,"executions servo ores summary",,
288,"baths cradles",,
290,"churn battleship swab laugh halt (Fulham)",Fulham,Fulham
293,"suggestions (Knightsbridge)",Knightsbridge,
295,"helicopter (Holland Park)","Holland Park",
296,"percentage floors presumptions",,
297,"suggestions (Hyde Park)","Hyde Park","Hyde Park"
298,"handful purpose potato (Knightsbridge)",Knightsbridge,Knightsbridge
299,"suggestions (Marylebone)",Marylebone,
300,waterline,,
301,"helicopter (Belgravia)",Belgravia,Belgravia
302,"advance (Fulham & Parsons Green)",Fulham,
303,"automobiles departments",,
304,"guidance tag (Fulham)",Fulham,
305,"recordkeeping meters sheet terminations",,
306,"brothers (Pimlico & Westminster)",Pimlico,
307,sunday,,
308,"student suggestions",,
309,"bends wrist",,
310,"advertisements towels (Holborn)",,Preston
311,"scratch recording",,
312,"screen tolerances",,
313,"handful purpose potato (Notting Hill)",Kensington,
314,"calibers ventilations locks wastes",,
315,"swaps bypasses buys (Battersea Park)","Battersea Park",
316,delays,,
317,charts,,
318,harmony,,
319,"fantails (Battersea)",Battersea,
320,"swab hut",,
321,"liquor locker",,
322,"forest terms (Holland Park)","Holland Park",
323,"transit admissions problem",,
324,"post decreases",,
325,excess,,
326,"raps aim gyroscope (Brook Green)","Brook Green",
327,"helicopter (Hyde Park)","Albion Street",
328,barometer,,
329,"raps aim gyroscope (Commercial: Holland Park)","Commercial: Holland Park",
330,"helicopter (Pelham St)","Pelham St",
331,"raps aim gyroscope (Kensington)",Kensington,
332,"elections instruction",,
333,"retirement root",,
334,"painting transportation",,
335,targets,,"Portman Square"
336,ensigns,,
338,"ropes splice",,
339,"occasions (Notting Hill)","Notting Hill",
340,"passage pool animals",,
341,"futures airfields null",,
342,"conspiracy hardness diagnoses",,
343,"suggestions (Mayfair)",Mayfair,Mayfair
344,"dimensions discontinuance surveyors",,"Chelsea Harbour"
345,"advance (West End)","West End",
346,"launches bubble",,
347,"drops patrols (Notting Hill)",,
348,sewer,,
349,"operators ground",,
350,"advance (Pimlico & Westminster)",Pimlico,
351,"tubes trousers lifetime approaches",,
352,"raps aim gyroscope (Holland Park)","Holland Park",
353,"smokes branches concept","Chancery Lane",
355,"streams glance",,
356,"misses (Kensington)",Kensington,
357,"passivation dangers parks pistol",,
358,navigations,,Colchester
359,"blowers bud",,
363,"perfect fact trouble",,
366,"benefit diameters",,
367,public,,
369,"monkey observations nurse garages (Bayswater)",Bayswater,
370,"whirls hairs (Kensington)",Kensington,
371,"calculations sentries",,
372,"intensities Residential (Mayfair)",Mayfair,
373,"instructor stove",,
374,"uncertainty grove",,
375,"equipment storage",,
376,"sweeps entries shovels (Marylebone)",,
377,advances,,
500000001,"tapes thread (West End)",,
500000002,"progress interior",,
500000003,"phases wound pressures (Chelsea)",Chelsea,Chelsea
500000004,"phases wound pressures (Kensington)",Kensington,Kensington
500000005,"guidance tag (Barnes)",Barnes,
500000006,"brothers (Sloane Square)","Sloane Sq",
500000007,"waxes camps",,
500000008,"phases wound pressures (Notting Hill)","Notting Hill",
500000009,"phases wound pressures (West End)","West End",
500000010,"phases wound pressures (Ladbroke Grove)","Ladbroke Grove","Ladbroke Grove"
500000011,"phases wound pressures (Brook Green)","Brook Green","Brook Green"
500000012,"information flesh",,
500000013,"obligations dash protests",,
500000014,"kinds diode",,
500000015,"midnight alias",,
500000017,"washer wins (Regents Park)",,
510000002,"grasses subroutines job",,
517000001,"merchant broadcast",,
517000002,"points load",,Tenterden
517000003,"headers attorneys line (Hampstead)",,
518000001,"ovens massed peas",,
518000002,oars,,
518000003,"coasts investigation",,
518000004,"liters passes",,
518000005,"howls calibration socks examination collars",,
518000006,"smashes interest",,
518000007,"compression hoops mile",,
518000008,secretaries,,
1000000001,"trains complements electrode",,
1000000002,"outlines dives ribbon",,
1000000003,"splicers execution",,
1000000004,"suit radians energies",,
1000000005,"honk alias Notting Hill","Westbourne Grove",
1000000006,"vouchers nail models spool",,
1000000007,"exposure sling",,
1000000008,"chatter parenthesis",,
1000000009,"circuitry handful sponge diary","Russell Square",
1000000010,"porter feeling lengths coast (Kensington)",Kensington,
1000000011,"monkey observations nurse garages (Marylebone)",Marylebone,
1000000012,"steamer safeguard",,
1000000013,"suggestions (Battersea)",Battersea,
1000000014,"suggestions (Pimlico)",Pimlico,
1000000015,"scratchpad probe",,
1000000017,"trial (Grosvenor Street)",Mayfair,
1000000018,"bank addressee muscle",,
1000000019,"porter feeling lengths coast (Pimlico)",Pimlico,
1000000020,"itinerary highlines diagram",,
1000000021,dents,Bayswater,
1000000022,"colons angles starts",,
1000000023,"magnet combatant",,
1000000024,"misses (Marylebone)",Marylebone,
1000000025,"mailboxes flare",,
1000000026,runouts,,
1000000027,"sounds exposure (SRVS)",SRVS,
1000000028,"document Property Search",,
1000000029,editors,,
1000000030,"sill nonavailability",,Knightsbridge
1000000031,"stoves alternations",,
1000000032,"sips sprays rattle",,
1000000033,"generations evenings",,
1000000034,"sounds exposure",,Kensington
1000000035,"sprayer (Fulham)",,
1000000036,"advance (Notting Hill)","Notting Hill",
1000000037,"hoofs glove",,
1000000038,"researcher lookout (Knightsbridge & Chelsea)",Chelsea,Chelsea
1000000039,"berries abrasives",,Stanmore
1000000040,"module interrelation topic",,
1000000041,"trees yield",,
1000000042,"product pump chairpersons arrangement",,
1000000043,"hold guesses sons",,
1000000044,"maneuver demonstrations inception",,
1000000045,"guidance tag (West End)","West End",
1000000046,"brothers (Fulham)",Fulham,
1000000048,"brothers (Jubilee Place)","Jubilee Place",
1000000049,"porter feeling lengths coast (Holland Park)","Holland Park",
1000000050,"honk alias Wimbledon",Wimbledon,"Wimbledon Village"
1000000051,"researcher lookout (Mayfair)",Mayfair,
1000000052,"resistor cartridges stamps",,
1000000053,"researcher lookout (Marylebone)",Marylebone,Marylebone
1000000054,"ramp buzzes (New Square Chambers)","New Square Chambers",
1000000055,gangs,,
1000000056,"worm events ventilations",,
1000000057,"precision rust resistors (Fulham)",Fulham,
1000000058,"chocks felt",,
1000000059,"brothers (Paddington)",Paddington,
1000000060,craft,Kensington,
1000000061,"gyros kick",,Belgravia
1000000062,"seasons prisms",,Chelsea
1000000063,"picture horns",,
1000000064,"journeys cargoes milligrams",,
1000000065,"price moisture",,
1000000066,"infection button","Belloch Ltd",
1000000067,"shore sock delimiters",,
1000000068,"porter feeling lengths coast (Mayfair)",Mayfair,
1000000069,"ticket significance",,
1000000070,"defeat cardboard electron",,
1000000071,"firmware screams",,
1000000072,"emergency jets license",,
1000000073,"scope digits source",,
1000000074,decoration,,
1000000075,"calories minute pronoun",,
1000000076,"rejection advancements answer",,
1000000077,"worth clothes",,
1000000078,removal,Kensington,Kensington
1000000079,"accumulation deserts",,
1000000080,"alcoholics mechanisms need",,Westminster
1000000081,"villages columns",,Surrey
1000000082,"excesses coil",,Highgate
1000000083,"output lake (Fulham)",Fulham,
1000000084,captain,,
1000000085,"resistances manpower brackets",,
1000000086,"sort retractors method",,
1000000087,"mail containers occasion legs spades",,
1000000088,"Sinton journey Surveyors",,
1000000089,"canister addressee",,
1000000090,"proficiency stencil rose",,
1000000091,"branch adhesive",,
1000000092,"records solvents",,
1000000093,"swaps bypasses buys (Fulham)",Fulham,
1000000094,"mouth microphone teachings hip",,
1000000095,"diodes acceptor",,
1000000096,"combs motion ramps",,"City of London"
1000000097,"churn battleship swab laugh halt (Wandsworth)",Wandsworth,
1000000098,"compasses rinse tongue",,
1000000099,seams,,
1000000100,"microphone interchange",,
1000000101,"writing donors soil",,
1000000102,hill,,
1000000103,"stairs meanings residues translators",,
1000000104,"bubble thirties divisions",,
1000000105,"radio increase wrecks varactor",,
1000000106,"helicopter (Mayfair)",Mayfair,
1000000107,"lints cruise",,
1000000108,"bombs credits",,
1000000109,"motions flange",,
1000000110,"formats caves",,
1000000111,"honk alias St Johns Wood","St Johns Wood",
1000000112,"advance (Kennington)",Kennington,
1000000113,"purges moistures",,
1000000114,"voltage session raise slopes",,
1000000115,"passivation dangers parks pistol (Notting Hill)","Notting Hill",
1000000116,"bond things",,
1000000117,"passivation dangers parks pistol (West End)","West End",
1000000118,"future bulb",,
1000000119,"churn battleship swab laugh halt (Primrose Hill)","Regents Park",
1000000120,"helmet formations",,
1000000121,usages,,
1000000122,"guidance tag (Chiswick)",Chiswick,
1000000123,"woods counter",,Wandsworth
1000000124,"conjunction state color reading",,
1000000125,"stumps crown punches",,
1000000126,"raps aim gyroscope (Bayswater)",Bayswater,
1000000127,"index backups",,
1000000128,"nuts candles",,Claygate
1000000129,"faces (Westminster & Pimlico)",,
1000000130,"marches nod generation painting",,
1000000131,"advance Surveyors",,
1000000132,"helicopter (Battersea)",Battersea,Battersea
1000000133,"account labels counsels",,
1000000134,neck,,
1000000135,"properties configuration minds concentrations deviation",,
1000000136,"transmittal peacetime",,
1000000137,"gates question meanings",,
1000000138,"intercom leather checkouts",,
1000000139,"compasses fleet",,
1000000140,"destination automobiles",,
1000000141,"existence chemicals",,
1000000142,"teaspoon handfuls barometers",,
1000000143,"suggestions (Fulham)",Fulham,
1000000144,"raps aim gyroscope (Notting Hill)","Notting Hill",
1000000145,"stripe kilograms",,
1000000146,"forces firearm painters",,
1000000147,deployments,,
1000000148,"steels lifeboats",,Knightsbridge
1000000149,"constitution blades",,
1000000150,jurisdiction,,
1000000151,"passengers wishes",,
1000000152,"coordinate currents",,
1000000153,formulas,,
1000000154,"wools masts trains diagnostics",,
1000000155,"punctures litres",,
1000000156,"modes overload (Notting Hill)","Notting Hill",
1000000157,"claps glide candles",,
1000000158,"suspects desertion",,
1000000159,"monkey observations nurse garages (Valuation)",Putney,
1000000160,"forest terms (West End & City)","West End & City",
1000000161,argument,,
1000000162,"mixture terminals tires officer",,"Chelsea Manor Street"
1000000163,"uses passivation",,
1000000164,"forest terms (Earls Court)","Earls Court",
1000000165,"edges heads",,
1000000166,"heart nod leather",,
1000000168,"stoppering arraignments",,
1000000169,"brothers (Clapham)",Clapham,
1000000172,"sisters warehouse (Fulham)",,Fulham
1000000173,"compensations (S Ken)","South Kensington",
1000000174,boost,,
1000000179,"utilities bow",,
1000000180,"tolerance tractor stroke",,
1000000181,"rack ax",,
1000000182,professions,,
1000000183,"felt scene memory (Fulham)",Fulham,
1000000184,"cliffs needs",,Shoeburyness
1000000185,"jar capstan",,
1000000186,approach,,
1000000187,"data armory (Houses)",Houses,
1000000188,"fact billets",,
1000000189,"minutes method",,
1000000190,"monkey observations nurse garages (Fulham)",Fulham,
1000000191,"braces mill",,
1000000192,"dam Iles",,
1000000193,"scale vehicles electrolytes",,
1000000194,"enemy noun",,Bayswater
1000000195,"desire fittings bays",,
1000000196,"hums coat (Notting Hill)","Notting Hill",
1000000197,"amount blink",,
1000000198,"accruement straighteners",,
1000000199,"advance (Paddington & Bayswater)",Bayswater,
1000000200,outboards,,
1000000201,jury,,
1000000202,"raincoats (Regents Park)",,
1000000203,"loop crank",,
1000000204,"monkey observations nurse garages (Northcote Road)",Battersea,
1000000205,"aluminums capes",,
1000000206,"fantails (Parsons Green)","Parsons Green",
1000000207,"schedules apprehensions videos",,
1000000208,"forest terms (Fulham)",,
1000000209,"suggestions (Chelsea Lettings)",Chelsea,Chelsea
1000000210,"monkey observations nurse garages (Pimlico)",Pimlico,
1000000211,"compensations (Notting Hill)","Notting Hill",
1000000212,"abusers mat (Sales)",,
1000000213,"monkey observations nurse garages (Battersea Park)","Battersea Park",
1000000214,"modes overload (Baker Street)","Baker Street",
1000000215,"checkouts cushion",,Battersea
1000000216,"skill rockets adverb positions",,Twickenham
1000000217,"JSS extensions",,
1000000218,"samples (Battersea)",Battersea,
1000000219,bundles,,
1000000220,"windlass uniform",Battersea,
1000000221,"Westminster cabinet loop",,Ulverston
1000000222,"operability capes",,
1000000223,"handlers toes",info@primeportfolio.com,Mayfair
1000000224,"compensations (Pimlico)",Pimlico,
1000000225,zones,,
1000000226,"reconfigurations magnetos (Lettings)",Lettings,Battersea
1000000227,"drops patrols (Notting Hill Lettings)",,"Notting Hill"
1000000228,"heaters offsets (Knightsbridge Lettings)",Knightsbridge,
1000000229,"output lake (Chelsea Lettings)",Chelsea,Chelsea
1000000230,"Lord gleam shovel And Co Ltd (Lettings)",,
1000000231,"output lake (Kensington Lettings)",Kensington,Kensington
1000000232,primitives,,
1000000233,"gaskets promotion (Lettings)",,
1000000234,"output lake (Fulham Lettings)",Fulham,
1000000235,"path responsibility",,
1000000236,"swaps bypasses buys (Chelsea Lettings)",Chelsea,Chelsea
1000000237,"concentrations threat",,Marylebone
1000000238,"misses (South Kensington Lettings)","South Kensington",
1000000239,"admirals thunder (Lettings)",,
1000000240,"sisters warehouse (West Kensington)","West Kensington","West Kensington"
1000000241,"signalmen (Lettings)",,
1000000242,"existence chemicals (Lettings)",,
1000000243,"sewer (Lettings)",,
1000000244,"researcher lookout (Knightsbridge & Chelsea Lettings)",Chelsea,Chelsea
1000000245,"phases wound pressures (Kensington Lettings)",Kensington,Kensington
1000000246,"blurs increases (Lettings)",,
1000000247,"precision rust resistors (Fulham Lettings)",Fulham,Fulham
1000000248,"percentages ream (S Ken Lettings)","South Kensington","South Kensington"
1000000249,"procedure realinements (Hyde Park Lettings)","Hyde Park","Hyde Park"
1000000250,"computers webs analyzer",,
1000000251,"straighteners ",,
1000000252,"retirement profits accessory",,
1000000253,"honk alias Knightsbridge Lettings","Sloane Avenue","Sloane Avenue"
1000000254,"argument (Lettings)",,
1000000255,"advance (Fulham & Parsons Green Lettings)",Fulham,Fulham
1000000256,"swaps bypasses buys (Fulham Lettings)",Fulham,Fulham
1000000257,"vectors island certificates (Knightsbridge Lettings)",Knightsbridge,"66 Sloane Street"
1000000258,"swaps bypasses buys (Battersea Lettings)",Battersea,Battersea
1000000259,"swaps bypasses buys (Battersea Park Lettings)","Battersea Park","Battersea Park"
1000000260,"pavement ranges hickories (St John's Wood)","St John's Wood",
1000000261,"halyard additives",,
1000000262,"dam LLP",,
1000000263,"Victoria regulations (Lettings)",,
1000000264,"reproductions tubs",,
1000000265,"blurs pay (Lettings)",,
1000000266,"honk alias Kensington Lettings",Kensington,Kensington
1000000267,"spaces presences",,
1000000268,"ammunition International (Chelsea Lettings)",Chelsea,
1000000269,"guidance tag (Hampstead Lettings)",,
1000000270,"sweeps entries shovels (Marylebone Lettings)",,
1000000271,"guidance tag (Sloane Street Lettings)",Knightsbridge,
1000000272,"researcher lookout (Mayfair Lettings)",Mayfair,Mayfair
1000000273,"brothers (Chelsea Lettings)",Chelsea,Chelsea
1000000274,"researcher lookout (Marylebone Lettings)",Marylebone,Marylebone
1000000275,"soil (Lettings)",,
1000000276,"swaps bypasses buys (South Kensington Lettings)",Kensington,Kensington
1000000277,"tolerance tractor stroke (Lettings)",,
1000000278,"windows jumps (Lettings)",,
1000000279,"limbs outing",,
1000000280,"precision rust resistors (Belgravia Lettings)",Belgravia,Belgravia
1000000281,"trial (Chelsea Lettings)",Chelsea,Chelsea
1000000282,"mouth microphone teachings hip (Lettings)",,
1000000283,"procedure realinements (S.Ken Lettings)","South Kensington","South Kensington"
1000000284,shipment,,
1000000285,"hums coat (South Kensington Lettings)","South Kensington","South Kensington"
1000000286,"porter feeling lengths coast (Chelsea Lettings)",Chelsea,Chelsea
1000000287,"hospitals stopper sock",,
1000000288,"churn battleship swab laugh halt (Holland Park Lettings)","Holland Park","Holland Park"
1000000289,"noise conductors (Lettings)",,
1000000290,"guidance tag (Kensington Lettings)",Kensington,
1000000291,heading,,"10-12 Allington Street"
1000000292,"refuse breasts",Battersea,
1000000293,"buses condensation explanation",,
1000000294,"churn battleship swab laugh halt (Fulham Lettings)",Fulham,Fulham
1000000295,"advance (Kensington Lettings)",Kensington,Kensington
1000000296,"ammunition (Kensington Lettings)",Kensington,Kensington
1000000297,"brothers (Kensington Lettings)",Kensington,Kensington
1000000298,"children vines",,
1000000299,"knives barrels",,
1000000300,"churn battleship swab laugh halt (Battersea Lettings)",Battersea,Battersea
1000000301,"data armory (Lettings)",,
1000000302,"brothers (Knightsbridge Lettings)",Knightsbridge,Knightsbridge
1000000303,"porter feeling lengths coast (Pimlico Lettings)",Pimlico,Pimlico
1000000304,"stop stationery",,
1000000305,"heading bandage",,Kensington
1000000306,"heights disk differences (Lettings)",,
1000000307,"suggestions (Tower Bridge Lettings)",,"Tower Bridge"
1000000308,"replenishment digits",,
1000000309,"capitals (Lettings)",,
1000000310,"lieutenant sponsor order (Lettings)",,
1000000311,"churn battleship swab laugh halt (Chelsea Lettings)",Chelsea,Chelsea
1000000312,"letterheads (Lettings)",,
1000000313,"reservist replenishments (Lettingsold)",,
1000000314,"porter feeling lengths coast (Holland Park Lettings)","Holland Park","Holland Park"
1000000315,"handful purpose potato (Knightsbridge Lettings)",Knightsbridge,Knightsbridge
1000000316,"fantails (Parsons Green Lettings)",,
1000000317,"brothers (Hampstead)",,Hampstead
1000000318,"dam LLP (Knightsbridge Lettings)",Knightsbridge,Knightsbridge
1000000319,"knives barrels (Hampstead)",Hampstead,
1000000320,"computers webs analyzer (Lettings)",,
1000000321,"precision rust resistors (Chelsea Lettings)",Chelsea,Chelsea
1000000322,"helicopter (Belgravia Lettings)",Belgravia,Belgravia
1000000323,"helicopter (South Kensington Lettings)",Chelsea,"South Kensington"
1000000324,"advance (Knightsbridge Lettings)",Knightsbridge,Knightsbridge
1000000325,"dam LLP (Chelsea Lettings)",Chelsea,Chelsea
1000000326,"swab hut (Lettings)",,
1000000327,cup,,
1000000328,"bush confessions (St Johns Wood)","St Johns Wood",
1000000329,"inches eve gaskets (Lettings)",,
1000000330,"tongue kiloliters",,"Swiss Cottage"
1000000331,"intensities Residential (Mayfair Lettings)",Mayfair,Mayfair
1000000332,"rights wastes",,
1000000333,"monoliths conflict (Knightsbridge Lettings)",,
1000000334,days,,
1000000335,"intensities Residential (Belgravia Lettings)",Belgravia,Belgravia
1000000336,"swaps bypasses buys (Clapham Southside Lettings)","Clapham Southside","Clapham Southside"
1000000337,"problem housings provisions (Motcomb Street Lettings)",,
1000000338,"helicopter (St Johns Wood)","St Johns Wood",
1000000339,"branch disadvantages metrics altitude (Lettings)",,
1000000340,"monkey observations nurse garages (St Johns Wood)","St John's Wood",
1000000341,"expense loops troubles (Lettings)",,
1000000342,"advance (Notting Hill Lettings)","Notting Hill","Notting Hill"
1000000343,"knives barrels (Little Venice)","Little Venice","Little Venice"
1000000344,"policy endeavor suit (Lettings)",,
1000000345,"occasions (Lettings)",,
1000000346,"voltage session raise slopes (Lettings)",,
1000000347,"salute accessory",,"Marble Arch"
1000000348,"workman brooks",,
1000000349,"honk alias Notting Hill Lettings","Notting Hill","Notting Hill"
1000000350,"raps aim gyroscope (Notting Hill Lettings)","Notting Hill","Notting Hill"
1000000351,"gyros kick (Lettings)",,
1000000352,"helicopter (Holland Park Lettings)","Holland Park","Holland Park"
1000000353,"handful purpose potato (Notting Hill Lettings)","Notting Hill",Kensington
1000000354,"chattel thyristors (Belgravia Lettings)",,Belgravia
1000000355,"brothers (Pimlico & Westminster Lettings)",Pimlico,Pimlico
1000000356,"brothers (Tower Bridge Lettings)","Tower Bridge","Tower Bridge"
1000000357,"brothers (Fulham Lettings)",Fulham,Fulham
1000000358,"whirls hairs (Kensington Lettings)",Kensington,Kensington
1000000359,"reverse heaps colors bud coasts",,
1000000360,"pins lap",,
1000000361,"pleads containers null shelf (Lettings)",,
1000000362,"helicopter (Hyde Park Lettings)","Albion Street","Albion Street"
1000000363,"canister addressee",,
1000000364,"detonations sentries",,
1000000365,"misses (Kensington Lettings)",Kensington,
1000000366,"swaps bypasses buys (Pimlico Lettings)",Pimlico,Pimlico
1000000367,"brothers (Sloane Square Lettings)","Sloane Square","Sloane Square"
1000000368,"suggestions (Little Venice)","Little Venice","Little Venice"
1000000369,"suggestions (Hyde Park Lettings)","Hyde Park","Hyde Park"
1000000370,"precision rust resistors (Clapham)",Clapham,
1000000371,"faces (Westminster & Pimlico Lettings)",,
1000000372,"brothers (Clapham Lettings)",Clapham,Clapham
1000000373,"phases wound pressures (Notting Hill Lettings)","Notting Hill","Notting Hill"
1000000374,"advance (St Johns Wood)","St Johns Wood",
1000000375,"oil benefit pits",,
1000000376,"raps aim gyroscope (North Kensington Lettings)","North Kensington","North Kensington"
1000000377,"suggestions (Hampstead Lettings)",Hampstead,Hampstead
1000000378,"suggestions (Kensington Lettings)",Kensington,Kensington
1000000379,"suggestions (Fulham Lettings)",Fulham,Fulham
1000000380,"suggestions (Little Venice Lettings)","Little Venice","Little Venice"
1000000381,"suggestions (Mayfair Lettings)",Mayfair,Mayfair
1000000382,"portions suspects shortage",,
1000000383,"suggestions (Battersea Lettings)",Batttersea,Battersea
1000000384,"ponds exhausts commitments",,
1000000385,"brothers (St Johns Wood)","St Johns Wood",
1000000386,"suggestions (Marylebone Lettings)",Marylebone,Marylebone
1000000387,"pavement ranges hickories (Hampstead)",Hampstead,Hampstead
1000000388,"suggestions (Knightsbridge Lettings)",Knightsbridge,Knightsbridge
1000000389,"warnings thyristor stake (Lettings)",,
1000000390,"acts rays (Kensington)",Kensington,Kensington
1000000391,"suggestions (Pimlico Lettings)",Pimlico,Pimlico
1000000392,"bears cloudiness (Lettings)",,Kensington
1000000393,"whirls hairs (S Ken Lettings)","South Kensington","South Kensington"
1000000394,"brothers (Homesearch)",,
1000000395,"classification multisystems shore",,
1000000396,"hums coat (Notting Hill Lettings)","Notting Hill","Notting Hill"
1000000397,tachometer,,
1000000398,"inches helmsmen (Lettings)","Notting Hill","Notting Hill"
1000000399,"accruement rollout",,
1000000400,sterilizer,,
1000000401,"advance (South Kensington Lettings)","South Kensington","South Kensington"
1000000402,"handful purpose potato (St Johns Wood)",,"St Johns Wood"
1000000403,"armory mail disassemblies (Fulham)",,
1000000404,"suggestions (Chiswick)",Chiswick,Chiswick
1000000405,nineties,,
1000000406,"cups arts",,
1000000407,"map fountain berths",,
1000000408,buttons,,
1000000409,"waterline (Lettings)",,
1000000410,"honk alias Wimbledon Lettings",Wimbledon,Wimbledon
1000000411,"fuels stamps (Lettings)","Cromwell Place",
1000000412,"chin spring",,"Medstead Alton"
1000000413,"guidance tag (Fulham Lettings)",Fulham,
1000000414,"numerals remainders pines exchangers",,
1000000415,"misses (Marylebone Lettings)",MaryleboneL,Marylebone
1000000416,"hardcopy movements",,
1000000417,"sample junk",,
1000000418,"hums coat (Brook Green Lettings)",,"Brook Green"
1000000419,inlet,,"566 Chiswick High Road"
1000000420,"monkey observations nurse garages (Mayfair Lettings)",Mayfair,Mayfair
1000000421,"swaps bypasses buys (Battersea)",Battersea,Battersea
1000000422,"passage pool animals (Lettings)",,Mayfair
1000000423,"boat voices serial",,
1000000424,"monkey observations nurse garages (Knightsbridge Lettings)",Knightsbridge,
1000000425,"phases wound pressures (Ladbroke Grove Lettings)",,"Ladbroke Grove"
1000000426,diagonals,,
1000000427,"pilot slaps problems",,
1000000428,"brothers (Paddington Lettings)",Paddington,Paddington
1000000429,transit,,
1000000430,"experiences lift",,
1000000431,"removal (Notting Hill Lettings)",,"Notting Hill"
1000000432,"sample junk (Lettings)",,Fitzrovia
1000000433,"raps aim gyroscope (Notting Hill Gate)",,"Notting Hill"
1000000434,"deployment corner designator",,
1000000435,"monkey observations nurse garages (Fulham Lettings)",Fulham,Fulham
1000000436,"update troops",,"Maida Vale"
1000000437,"helicopter (Lavender Hill Lettings)",Battersea,
1000000438,"helicopter (St Johns Wood Lettings)","St Johns Wood",
1000000439,"oil benefit pits (Lettings)",,"Notting Hill"
1000000440,"porter feeling lengths coast (Mayfair Lettings)",Mayfair,Mayfair
1000000441,"coordinate currents (Lettings)",,
1000000442,"bat bush liquors",,
1000000443,billet,,Hampstead
1000000444,"ticket significance (Lettings)",,
1000000445,"banks terminator",,
1000000446,"churn battleship swab laugh halt (Primrose Hill Lettings)",,"Primrose Hill"
1000000447,"monkey observations nurse garages (Battersea Park Lettings)","Battersea Park Lettings",
1000000448,"counsel basement region wood",,
1000000449,wines,,
1000000450,"hat buoy energies",Chelsea,
1000000451,"removal (Earls Court Lettings)",,"Earls Court"
1000000452,"liquor locker (Lettings)",,Pimlico
1000000453,"abusers mat",,
1000000454,"teaching presents",,Kensington
1000000455,"grasps stowage withdrawals wood (London)",,
1000000456,"sprayer (Battersea)",,
1000000457,"headers attorneys line (Maida Vale)",,
1000000458,"software roar",,
1000000459,"monkey observations nurse garages (St Johns Wood Lettings)","St John's Wood","St John's Wood"
1000000460,"sweeps entries shovels (West End)",,
1000000461,"honk alias St Johns Wood Lettings",,"St Johns Wood"
1000000462,"brothers (St Johns Wood Lettings)",,"St Johns Wood"
1000000463,"churn battleship swab laugh halt (Chelsea Short Let)",,Chelsea
1000000464,closures,,
1000000465,"seams (Lettings)",,Battersea
1000000466,"heaters offsets (Marble Arch Lettings)",,"Marble Arch"
1000000467,"minutes method (Lettings)",,"Notting Hill"
1000000468,diver,,
1000000469,"swaps bypasses buys (East Putney Lettings)","East Putney",Putney
1000000470,"washer wins (Regents Park Lettings)",,
1000000471,"update troops (Lettings)",,"Maida Vale"
1000000472,"pavement ranges hickories (St John's Wood Lettings)",,"St Johns Wood"
1000000473,"honk alias Hampstead Lettings",,Hampstead
1000000474,"headers attorneys line (Maida Vale Lettings)",,"Maida Vale"
1000000475,"billet (Lettings)",,Hampstead
1000000476,"toolboxes (Paddington)",,
1000000477,"flicker auditor",,
1000000478,"fantails (Battersea Lettings)",,Battersea
1000000479,"advance (Barnes Lettings)",,Barnes
1000000480,"apprehension flood",,Barnes
1000000481,"harpoon junctions (Lettings)",,
1000000482,"schoolhouse patrol",,
1000000483,"usages (Lettings)",,
1000000484,"jars cannon",,Hammersmith
1000000485,"requisitions interiors map (Kensington Lettings)",,Kensington
1000000486,"answer fences",,Chelsea
1000000487,power,,
1000000488,"monkey observations nurse garages (Belsize Park Lettings)","Belsize Park","Belsize Park"
1000000489,"lint raps (Lettings)",,
1000000490,"assembly possibility (Regents Park)",,
1000000491,"sprayer (Balham)",,Balham
1000000492,"winding rheostats",,Highgate
1000000493,"classroom bed",,"Hyde Park"
1000000494,music,,
1000000495,"requisitions interiors map (St Johns Wood Lettings)",,"St Johns Wood"
1000000496,"requisitions interiors map (Knightsbridge Lettings)",,Knightsbridge
1000000497,"requisitions interiors map (Hampstead Lettings)",,Hampstead
1000000498,"guidance tag (Richmond Lettings)",,
1000000499,"honk alias Wapping Lettings",,Wapping
1000000500,"voices towel entry",,Putney
1000000501,"envelopes miner societies (City)",,Clerkenwell
1000000502,"positions ranks suggestion",,Kenton
1000000503,"bus arrangement target",,Knightsbridge
1000000504,"fatigues activities (closed)",,
1000000505,"question mathematics",,
1000000506,"percentages ream (Chelsea Lettings)",,"Sloane Square"
1000000507,"tolerances tabulations",,
1000000508,"shots eliminator",,"Hampstead Garden Suburb"
1000000509,"sprayer (Fulham Lettings)",,Fulham
1000000510,"fatigues activities",,
1000000511,"sisters warehouse (West Kensington Lettings)",,"West Kensington"
1000000512,"sewer/suspects desertion (Lettings)",,
1000000513,"airplanes vent",,
1000000514,"validations advances ticket",,
1000000515,"linens (Lettings)",,
1000000516,linens,,
1000000517,"sites (Hampstead)",,
1000000518,"sites (Kensington)",Kensington,
1000000519,"sites (Sloane Street)","Sloane Street",
1000000520,"sites (West End)",,
1000000521,"breeze thins",,
1000000522,"bigamy lamp countermeasure",,
1000000523,"churn battleship swab laugh halt (Wimbledon Lettings)",,Wimbledon
1000000524,"sites (Barnes)",,
1000000525,"sites (Fulham Lettings)",,
1000000526,"sites (Chiswick)",,
1000000527,"sites (Hampstead Lettings)",,
1000000528,"sites (Kensington Lettings)",,Kensington
1000000529,"music Lettings",,
1000000530,"sites (Richmond Lettings)",,Richmond
1000000531,"sites (Sloane Street Lettings)",,Knightsbridge
1000000532,"woods counter (Wandsworth Lettings)",,Wandsworth
1000000533,"falls acceptors",,
1000000534,"woods counter (Parsons Green Lettings)",,"Parsons Green"
1000000535,"honk alias Wapping",,
1000000536,"retention toes bushes surveyors",,Battersea
1000000537,"wool manifest sneeze season",,
1000000538,"deductions preposition magnetos",,
1000000539,"injuries punishment",,Chelsea
1000000540,"sites (Wandsworth Lettings)",,Wandsworth
1000000541,"tools hygiene deductions",,
1000000542,"honk alias Residential Development",,
1000000543,"contention capstans",,
1000000544,"advance (St Johns Wood Lettings)",,
1000000545,"uses passivation (Lettings)",,
1000000546,"headers attorneys line (Hampstead Lettings)",,Hampstead
1000000547,"pavement ranges hickories (Hampstead Lettings)",,Hampstead
1000000548,"brothers (Wimbledon)",,"Wimbledon Common"
1000000549,"modes overload (Fulham)",,Fulham
1000000550,"honk alias Baker Street",,
1000000551,"suggestions (Barnes Lettings)",,Barnes
1000000552,"elbows training illustrations",,
1000000553,"trusts distributions minimum admiralty",,
1000000554,"alkalinity supervisor",,
1000000555,"aggravations residue (Battersea)",,Battersea
1000000556,"aggravations residue (Fulham)",,Fulham
1000000557,"phases wound pressures (Brook Green Lettings)",,"Brook Green"
1000000558,"sprayer (Balham Lettings)",,Balham
1000000559,answers,,
1000000560,"woods counter (Parsons Green)",,"Parsons Green"
1000000561,"pumps translators dab",,
1000000562,"suggestions (Wimbledon Lettings)",,Wimbledon
1000000563,"sites (Wandsworth)",,
1000000564,"inquiry collars (Bloomsbury)",,Bloomsbury
1000000565,"inquiry collars (Fitzrovia)",,
1000000566,"chaplains seas",,Battersea
1000000567,"inquiry collars (West End)",,
1000000568,"brothers (Hampstead Lettings)",,Hampstead
1000000569,"crews moves",,
1000000570,"cloud reliability",,
1000000571,breaches,,Wimbledon
1000000572,"official misalinement juries defeat",,
1000000573,"responses sex",,
1000000574,"rugs minds",,
1000000575,"arrays weeds maintainability aviation",,
1000000576,"raincoats (West Hampstead)",,
1000000577,"advance (West End Lettings)",,
1000000578,"battleships supermarkets yaws",,
1000000579,"currencies bone",,
1000000580,"bushings gangway",,Richmond
1000000581,"vouchers frost chests",,Dorking
1000000582,"sprayer (Clapham Old Town)",,Clapham
1000000583,"thirties trips (S)",,
1000000584,"kiloliters block",,
1000000585,"exit direction",,
1000000586,"sites (Wimbledon Lettings)",,Wimbledon
1000000587,"felt scene memory",,
1000000588,"advance (Barnes)",,
1000000589,"courtesy stones",,
1000000590,"suggestions (Docklands Lettings)",,Docklands
1000000591,"advance (Hampstead)",,
1000000592,"advance (Hampstead Lettings)",,Hampstead
1000000593,"thirties trips",,"St John's Wood"
1000000594,"project wools (Wimbledon Lettings)",,Wimbledon
1000000595,"removal (Notting Hill)",,"Notting Hill"
1000000596,"accountabilities banks",,
1000000597,"acts rays (Fulham)",,Fulham
1000000598,"sneezes (Lettings)",,
1000000599,"expiration confidences ratings",,
1000000600,"advance (Wimbledon)",,Wimbledon
1000000601,pockets,," Primrose Hill"
1000000602,"memory (West Hampstead)",,"West Hampstead"
1000000603,"investments (Kensington)",,Kensington
1000000604,"detentions till seams representative",,
1000000605,"acts rays (Mayfair)",,Mayfair
1000000606,"investments (Lettings)",,Kensington
1000000607,tuesday,,
1000000608,revolution,,
1000000609,"sleeve televisions",,
1000000610,"tube rest grass (Paddington)",,"Paddington Basin"
1000000611,"churn battleship swab laugh halt (South Kensington)",,"South Kensington"
1000000612,"sign diameter attempts",,
1000000613,"precision rust resistors (Barnes)",,
1000000614,"handful purpose potato (Highgate)",,
1000000615,"handful purpose potato (Hampstead Lettings)",,
1000000616,"handful purpose potato (Hampstead)",,
1000000617,"dare clubs",,Hampstead
1000000618,"asterisk returns",,"St John's Wood"
1000000619,"petitions fare",,
1000000620,"neglect suits",,
1000000621,kills,,Hampstead
1000000622,"bridges professions",,
1000000623,fare,,
1000000624,"pupils alleys bolts",,
1000000625,"project wools (Putney Lettings)",,Putney
1000000626,"resident millimeters",,
1000000627,observers,,
1000000628,"bet question (Clapham)",," Clapham"
1000000629,"bet question (Herne Hill)",,
1000000630,"memory (Belsize Park)",,
1000000631,"stories detail policies",,
1000000632,"ivory terminologies brick runners (West Hampstead)",,
1000000633,"sets (Maida Vale)",," Maida Vale"
1000000634,"requisitions interiors map (Swiss Cottage Lettings)",,
1000000635,"galley discrepancy expansion",,
1000000636,"jelly touch",,
1000000637,"hat audit countermeasures",,
1000000638,journey,,
1000000639,"qualifiers circumferences sink jewel",,
1000000640,"ivory terminologies brick runners (St John's Wood)",,
1000000641,"convulsion dwell",,
1000000642,discount,,
1000000643,"treatments roads",,Battersea
1000000644,"strengths aggravation circuit custodians",,
1000000645,"saddle head (SW8)",,Chelsea
1000000646,"algorithms tickets",,
1000000647,"advance (Clerkenwell & City)",,
1000000648,"advance (Clerkenwell & City Lettings)",,
1000000649,"requisitions interiors map (Hampstead)",,Hampstead
1000000650,"radian cements",,
1000000651,"space umbrellas expert cries",,
1000000652,"rubber quarterdeck seals",,
1000000653,"cakes daughters",,
1000000654,"porter feeling lengths coast (Wimbledon)",,Wimbledon
